{"solution": [7, 11, 4, 1, 19, 6, 14, 10, 15, 24, 9, 23, 8, 22, 3, 21, 5, 16, 0, 13, 20, 29, 28, 12, 27, 26, 17, 25, 18, 2], "distance": 6.465145898875851, "execution_time": 11.16807222366333, "convergence": [13.617247662609339, 12.454495048124366, 11.28660919500548, 10.034206455557825, 9.3995022381439, 9.3995022381439, 9.329869376670548, 8.6734181204195, 8.378933030132393, 8.378933030132393, 8.37621808213641, 8.337826085168208, 8.21558778873087, 8.213660430537931, 7.892697498850426, 7.892697498850426, 7.8250778476601575, 7.544398626633905, 7.544398626633905, 7.160632966517522, 6.910953409011212, 6.901222261732654, 6.901222261732654, 6.75612223174697, 6.75612223174697, 6.75612223174697, 6.75612223174697, 6.75612223174697, 6.75612223174697, 6.75612223174697, 6.75612223174697, 6.75612223174697, 6.7561068211277835, 6.7561068211277835, 6.7561068211277835, 6.7561068211277835, 6.7561068211277835, 6.7561068211277835, 6.7561068211277835, 6.7561068211277835, 6.753379013244253, 6.753379013244253, 6.747477881005594, 6.747477881005594, 6.747477881005594, 6.747477881005594, 6.718423780128837, 6.685527793434006, 6.685527793434006, 6.577617313481214, 6.577617313481214, 6.577617313481214, 6.577617313481214, 6.577617313481214, 6.577617313481214, 6.577617313481214, 6.577617313481214, 6.577617313481214, 6.577617313481214, 6.577617313481214, 6.577617313481214, 6.577617313481214, 6.577617313481214, 6.577617313481214, 6.577617313481214, 6.577617313481214, 6.577617313481214, 6.577617313481214, 6.577617313481214, 6.577617313481214, 6.577617313481214, 6.577617313481214, 6.577617313481214, 6.577617313481214, 6.577617313481214, 6.5573845361017025, 6.5573845361017025, 6.5573845361017025, 6.5573845361017025, 6.5573845361017025, 6.5573845361017025, 6.5573845361017025, 6.5573845361017025, 6.5573845361017025, 6.5573845361017025, 6.5573845361017025, 6.5573845361017025, 6.5573845361017025, 6.5573845361017025, 6.5573845361017025, 6.5573845361017025, 6.5573845361017025, 6.5573845361017025, 6.5573845361017025, 6.5573845361017025, 6.5573845361017025, 6.5573845361017025, 6.5573845361017025, 6.5573845361017025, 6.5573845361017025, 6.5573845361017025, 6.5573845361017025, 6.5573845361017025, 6.5573845361017025, 6.5573845361017025, 6.5573845361017025, 6.5573845361017025, 6.5573845361017025, 6.5573845361017025, 6.5573845361017025, 6.5573845361017025, 6.5573845361017025, 6.5573845361017025, 6.5573845361017025, 6.5573845361017025, 6.5573845361017025, 6.5573845361017025, 6.5573845361017025, 6.5573845361017025, 6.5573845361017025, 6.5573845361017025, 6.5573845361017025, 6.5573845361017025, 6.5573845361017025, 6.5573845361017025, 6.5573845361017025, 6.5573845361017025, 6.547859913126565, 6.547859913126565, 6.547859913126565, 6.547859913126565, 6.547859913126565, 6.547859913126565, 6.547859913126565, 6.547859913126565, 6.547859913126565, 6.547859913126565, 6.547859913126565, 6.547859913126565, 6.547859913126565, 6.546729847417962, 6.546729847417962, 6.546729847417962, 6.546729847417962, 6.546729847417962, 6.546729847417962, 6.546729847417962, 6.546729847417962, 6.546729847417962, 6.546729847417962, 6.546729847417962, 6.546729847417962, 6.546729847417962, 6.546729847417962, 6.546729847417962, 6.546729847417962, 6.546729847417962, 6.546729847417962, 6.546729847417962, 6.541177905286246, 6.541177905286246, 6.541177905286246, 6.541177905286246, 6.541177905286246, 6.541177905286246, 6.541177905286246, 6.541177905286246, 6.541177905286246, 6.541177905286246, 6.541177905286246, 6.479703955017498, 6.479703955017498, 6.479703955017498, 6.479703955017498, 6.479703955017498, 6.479703955017498, 6.465145898875851, 6.465145898875851, 6.465145898875851, 6.465145898875851, 6.465145898875851, 6.465145898875851, 6.465145898875851, 6.465145898875851, 6.465145898875851, 6.465145898875851, 6.465145898875851, 6.465145898875851, 6.465145898875851, 6.465145898875851, 6.465145898875851, 6.465145898875851, 6.465145898875851, 6.465145898875851, 6.465145898875851, 6.465145898875851, 6.465145898875851, 6.465145898875851, 6.465145898875851, 6.465145898875851, 6.465145898875851]}