{"solution": [25, 1, 23, 13, 20, 21, 5, 16, 3, 22, 8, 11, 29, 28, 2, 7, 18, 9, 24, 15, 10, 14, 6, 19, 12, 0, 27, 4, 26, 17], "distance": 5.4638399607098105, "execution_time": 1.2967653274536133, "convergence": [12.849470104192385, 11.576708300902009, 11.090919717919093, 10.531639125583673, 10.057870059962223, 9.041945596884123, 8.633694284566307, 8.562692228671207, 8.29711150996302, 8.098694439595766, 7.9338961587323285, 7.9338961587323285, 7.910602298694059, 7.908594189260849, 7.908594189260849, 7.908594189260849, 7.908594189260849, 7.8694262735442875, 7.823737404137585, 7.38415281606919, 7.042064928525934, 7.019567417802849, 7.019567417802849, 6.597170526725515, 6.577639386257627, 6.577639386257627, 6.472985102725103, 6.472985102725103, 6.472985102725103, 6.472985102725103, 6.335925852285877, 6.2290340079314355, 6.187875200780338, 6.187875200780338, 6.187875200780338, 6.187875200780338, 6.187875200780338, 6.187875200780338, 6.187875200780338, 6.187875200780338, 6.187875200780338, 6.187875200780338, 6.187875200780338, 6.187875200780338, 6.187875200780338, 6.187875200780338, 6.106383404821478, 6.106383404821478, 6.106383404821478, 6.106383404821478, 6.106383404821478, 6.106383404821478, 6.106383404821478, 6.106383404821478, 6.106383404821478, 6.106383404821478, 6.106383404821478, 6.103876881354906, 6.0072657791314965, 5.981693903847002, 5.981693903847002, 5.981693903847002, 5.881023628869897, 5.881023628869897, 5.881023628869897, 5.881023628869897, 5.881023628869897, 5.881023628869897, 5.881023628869897, 5.855256784495063, 5.717810122751364, 5.69204327837653, 5.69204327837653, 5.69204327837653, 5.5695458242208264, 5.5695458242208264, 5.5695458242208264, 5.5695458242208264, 5.5695458242208264, 5.525625135508839, 5.525625135508839, 5.525625135508839, 5.525625135508839, 5.525625135508839, 5.525625135508839, 5.525625135508839, 5.525625135508839, 5.525625135508839, 5.525625135508839, 5.525625135508839, 5.525625135508839, 5.4638399607098105, 5.4638399607098105, 5.4638399607098105, 5.4638399607098105, 5.4638399607098105, 5.4638399607098105, 5.4638399607098105, 5.4638399607098105, 5.4638399607098105, 5.4638399607098105, 5.4638399607098105, 5.4638399607098105, 5.4638399607098105, 5.4638399607098105, 5.4638399607098105, 5.4638399607098105, 5.4638399607098105, 5.4638399607098105, 5.4638399607098105, 5.4638399607098105, 5.4638399607098105, 5.4638399607098105, 5.4638399607098105, 5.4638399607098105, 5.4638399607098105, 5.4638399607098105, 5.4638399607098105, 5.4638399607098105, 5.4638399607098105, 5.4638399607098105, 5.4638399607098105, 5.4638399607098105, 5.4638399607098105, 5.4638399607098105, 5.4638399607098105, 5.4638399607098105, 5.4638399607098105, 5.4638399607098105, 5.4638399607098105, 5.4638399607098105, 5.4638399607098105, 5.4638399607098105, 5.4638399607098105, 5.4638399607098105, 5.4638399607098105, 5.4638399607098105, 5.4638399607098105, 5.4638399607098105, 5.4638399607098105, 5.4638399607098105, 5.4638399607098105, 5.4638399607098105, 5.4638399607098105, 5.4638399607098105, 5.4638399607098105, 5.4638399607098105, 5.4638399607098105, 5.4638399607098105, 5.4638399607098105, 5.4638399607098105, 5.4638399607098105, 5.4638399607098105, 5.4638399607098105, 5.4638399607098105, 5.4638399607098105, 5.4638399607098105, 5.4638399607098105, 5.4638399607098105, 5.4638399607098105, 5.4638399607098105, 5.4638399607098105, 5.4638399607098105, 5.4638399607098105, 5.4638399607098105, 5.4638399607098105, 5.4638399607098105, 5.4638399607098105, 5.4638399607098105, 5.4638399607098105, 5.4638399607098105, 5.4638399607098105, 5.4638399607098105, 5.4638399607098105, 5.4638399607098105, 5.4638399607098105, 5.4638399607098105, 5.4638399607098105, 5.4638399607098105, 5.4638399607098105, 5.4638399607098105, 5.4638399607098105, 5.4638399607098105, 5.4638399607098105, 5.4638399607098105, 5.4638399607098105, 5.4638399607098105, 5.4638399607098105, 5.4638399607098105, 5.4638399607098105, 5.4638399607098105, 5.4638399607098105, 5.4638399607098105, 5.4638399607098105, 5.4638399607098105, 5.4638399607098105, 5.4638399607098105, 5.4638399607098105, 5.4638399607098105, 5.4638399607098105, 5.4638399607098105]}