{"solution": [10, 0, 27, 16, 4, 19, 6, 2, 13, 28, 11, 20, 23, 21, 12, 1, 15, 26, 22, 8, 17, 7, 3, 18, 25, 5, 24, 9, 14, 29], "distance": 11.7183061735151, "execution_time": 1.29880952835083, "convergence": [13.436208579398276, 13.422560335864588, 12.519250132947981, 12.519250132947981, 12.519250132947981, 12.519250132947981, 12.519250132947981, 12.519250132947981, 12.519250132947981, 12.519250132947981, 12.519250132947981, 12.519250132947981, 12.519250132947981, 12.519250132947981, 12.519250132947981, 12.519250132947981, 12.519250132947981, 12.30194341092038, 12.30194341092038, 12.30194341092038, 12.30194341092038, 12.30194341092038, 12.30194341092038, 12.30194341092038, 12.30194341092038, 12.30194341092038, 12.30194341092038, 12.30194341092038, 12.30194341092038, 12.30194341092038, 12.30194341092038, 12.30194341092038, 12.30194341092038, 12.30194341092038, 12.30194341092038, 12.30194341092038, 12.30194341092038, 12.30194341092038, 12.30194341092038, 12.30194341092038, 12.30194341092038, 12.30194341092038, 12.30194341092038, 12.30194341092038, 12.30194341092038, 12.30194341092038, 12.30194341092038, 12.30194341092038, 12.30194341092038, 12.30194341092038, 12.30194341092038, 12.30194341092038, 12.30194341092038, 12.30194341092038, 12.30194341092038, 12.30194341092038, 12.30194341092038, 12.30194341092038, 12.30194341092038, 12.30194341092038, 12.30194341092038, 12.30194341092038, 12.30194341092038, 12.30194341092038, 12.30194341092038, 12.30194341092038, 12.30194341092038, 12.30194341092038, 12.30194341092038, 12.30194341092038, 12.30194341092038, 12.30194341092038, 12.30194341092038, 12.30194341092038, 12.30194341092038, 12.30194341092038, 12.30194341092038, 12.30194341092038, 12.30194341092038, 12.30194341092038, 12.30194341092038, 12.30194341092038, 12.30194341092038, 12.30194341092038, 12.30194341092038, 12.30194341092038, 12.30194341092038, 12.30194341092038, 12.30194341092038, 12.30194341092038, 12.30194341092038, 12.30194341092038, 12.30194341092038, 12.30194341092038, 12.30194341092038, 12.30194341092038, 12.30194341092038, 12.30194341092038, 12.30194341092038, 12.30194341092038, 12.30194341092038, 12.30194341092038, 12.30194341092038, 12.30194341092038, 12.30194341092038, 12.30194341092038, 12.30194341092038, 12.30194341092038, 12.30194341092038, 12.30194341092038, 12.30194341092038, 12.30194341092038, 12.30194341092038, 12.30194341092038, 12.30194341092038, 12.30194341092038, 12.30194341092038, 12.30194341092038, 12.30194341092038, 12.30194341092038, 12.30194341092038, 12.30194341092038, 12.30194341092038, 12.30194341092038, 12.30194341092038, 12.30194341092038, 12.30194341092038, 12.30194341092038, 12.30194341092038, 12.30194341092038, 12.30194341092038, 12.30194341092038, 12.30194341092038, 12.30194341092038, 12.30194341092038, 12.30194341092038, 12.30194341092038, 12.30194341092038, 12.30194341092038, 12.30194341092038, 12.30194341092038, 12.30194341092038, 12.30194341092038, 12.30194341092038, 12.30194341092038, 12.30194341092038, 12.30194341092038, 12.30194341092038, 12.30194341092038, 12.30194341092038, 12.30194341092038, 12.30194341092038, 12.30194341092038, 12.30194341092038, 12.30194341092038, 12.30194341092038, 12.30194341092038, 12.30194341092038, 12.30194341092038, 12.30194341092038, 12.195724419565549, 12.195724419565549, 12.195724419565549, 12.195724419565549, 12.195724419565549, 12.195724419565549, 12.195724419565549, 12.195724419565549, 12.195724419565549, 12.195724419565549, 12.195724419565549, 12.195724419565549, 12.195724419565549, 12.195724419565549, 12.195724419565549, 12.195724419565549, 12.195724419565549, 12.195724419565549, 12.195724419565549, 12.195724419565549, 12.195724419565549, 12.195724419565549, 12.195724419565549, 12.195724419565549, 12.195724419565549, 12.195724419565549, 12.195724419565549, 12.195724419565549, 12.195724419565549, 12.195724419565549, 11.7183061735151, 11.7183061735151, 11.7183061735151, 11.7183061735151, 11.7183061735151, 11.7183061735151, 11.7183061735151, 11.7183061735151, 11.7183061735151, 11.7183061735151, 11.7183061735151]}